transaction_date,value_date,description,ref_no,credit,debit,balance
2025-01-10,2025-01-11,NEFT CR: HDFC UTR1787854736hs21hd RAZORPAY SETTLEMENT REF:pay_FfycfcDcysYyuj,1787854736hs21hd,16546.8,,116546.8
2025-01-13,2025-01-13,NEFT CR: HDFC UTR1787854736ro9x49 RAZORPAY SETTLEMENT REF:pay_p0ymKfbL6o7tdW,1787854736ro9x49,53085.61,,169632.41
2025-01-16,2025-01-18,NEFT CR: HDFC UTR1787854736e226pa RAZORPAY SETTLEMENT REF:pay_OJMlvoKveuvb5i,1787854736e226pa,43791.1,,213423.51
2025-01-28,2025-01-30,NEFT CR: HDFC UTR1787854736yzqii4 RAZORPAY SETTLEMENT REF:pay_Rso42UkIV7rYk6,1787854736yzqii4,36817.75,,250241.26
2025-02-02,2025-02-02,NEFT CR: HDFC UTR1787854736usozdu RAZORPAY SETTLEMENT REF:pay_xypztqgoaWWLN6,1787854736usozdu,16894.84,,267136.1
2025-02-03,2025-02-05,NEFT CR: HDFC UTR1787854736tixc7u RAZORPAY SETTLEMENT REF:pay_IE0Gvz2CUvIXKz,1787854736tixc7u,19027.84,,286163.94
2025-02-04,2025-02-05,NEFT CR: HDFC UTR1787854736ezw9he RAZORPAY SETTLEMENT REF:pay_BTJqZw52tDIMUp,1787854736ezw9he,25044.22,,311208.16
2025-02-04,2025-02-05,NEFT CR: HDFC UTR1787854736d4r9v4 RAZORPAY SETTLEMENT REF:pay_K4VVvsnqlLPiN8,1787854736d4r9v4,3645.45,,314853.61
2025-02-04,2025-02-05,NEFT CR: HDFC UTR1787854736spo3zd RAZORPAY SETTLEMENT REF:pay_qedi5sRjh3YVvJ,1787854736spo3zd,23775.91,,338629.52
2025-02-08,2025-02-10,NEFT CR: HDFC UTR1787854736w8l85j RAZORPAY SETTLEMENT REF:pay_EbXhzDXlCExkpN,1787854736w8l85j,51468.57,,390098.09
2025-02-11,2025-02-12,NEFT CR: HDFC UTR17878547363gu7gk RAZORPAY SETTLEMENT REF:pay_t2ozm6RqNbOW8W,17878547363gu7gk,5450.77,,395548.86
2025-02-20,2025-02-21,NEFT CR: HDFC UTR1787854736kb9oi0 RAZORPAY SETTLEMENT REF:pay_qKQQJKRSwW6sem,1787854736kb9oi0,52207.6,,447756.46
2025-02-20,2025-02-21,NEFT CR: HDFC UTR1787854736na31xb RAZORPAY SETTLEMENT REF:pay_TNLEfZhFNNUWNu,1787854736na31xb,29741.35,,477497.81
2025-02-21,2025-02-22,NEFT CR: HDFC UTR17878547368yc8gz RAZORPAY SETTLEMENT REF:pay_baKZ2VXzwjvNbx,17878547368yc8gz,22671.24,,500169.05
2025-02-21,2025-02-23,NEFT CR: HDFC UTR178785473625wm72 RAZORPAY SETTLEMENT REF:pay_1kVK3uqRXKj71o,178785473625wm72,14027.41,,514196.46
2025-02-26,2025-02-26,NEFT CR: HDFC UTR1787854736na9zn9 RAZORPAY SETTLEMENT REF:pay_TP5RbujpUeUeVQ,1787854736na9zn9,23320.2,,537516.66
2025-03-03,2025-03-03,NEFT CR: HDFC UTR1787854736z0ifrm RAZORPAY SETTLEMENT REF:pay_0yG7nzrbt7Qyhd,1787854736z0ifrm,1488.86,,539005.52
2025-03-03,2025-03-04,NEFT CR: HDFC UTR1787854736aoaxqo RAZORPAY SETTLEMENT REF:pay_qv7vBEQCDwfmfZ,1787854736aoaxqo,44969.68,,583975.2
2025-03-03,2025-03-05,NEFT CR: HDFC UTR1787854736gh7idu RAZORPAY SETTLEMENT REF:pay_r1s6nMmSVp8o7f,1787854736gh7idu,38651.91,,622627.11
2025-03-04,2025-03-04,NEFT CR: HDFC UTR1787854736y66p61 RAZORPAY SETTLEMENT REF:pay_Ahcppky6GOB2i4,1787854736y66p61,17590.18,,640217.29
2025-03-06,2025-03-06,NEFT CR: HDFC UTR1787854736agrd1p RAZORPAY SETTLEMENT REF:pay_4yXxbC3Lf6K7hA,1787854736agrd1p,9067.72,,649285.01
2025-03-10,2025-03-10,NEFT CR: HDFC UTR1787854736qfpodp RAZORPAY SETTLEMENT REF:pay_ZiDRIM2gnxx9wW,1787854736qfpodp,22344.17,,671629.18
2025-03-12,2025-03-13,NEFT CR: HDFC UTR1787854736cs4kek RAZORPAY SETTLEMENT REF:pay_Is6CMx2TTYydCo,1787854736cs4kek,9318.47,,680947.65
2025-03-12,2025-03-13,NEFT CR: HDFC UTR1787854736ts1fb2 RAZORPAY SETTLEMENT REF:pay_8IzXnnkQyBD3bH,1787854736ts1fb2,1839.33,,682786.98
2025-03-13,2025-03-14,NEFT CR: HDFC UTR178785473605wnwl RAZORPAY SETTLEMENT REF:pay_e2jdbLD6dyYEnD,178785473605wnwl,51301.13,,734088.11
2025-03-13,2025-03-14,NEFT CR: HDFC UTR1787854736ami0uz RAZORPAY SETTLEMENT REF:pay_cKjyYBqKNLR2Cm,1787854736ami0uz,164.08,,734252.19
2025-03-18,2025-03-20,NEFT CR: HDFC UTR1787854736u8h0im RAZORPAY SETTLEMENT REF:pay_voOt0C5Zz5CzwL,1787854736u8h0im,53613.19,,787865.38
2025-03-18,2025-03-18,NEFT CR: HDFC UTR1787854736lny2sv RAZORPAY SETTLEMENT REF:pay_eGoFRz3Mtmt30n,1787854736lny2sv,3159.96,,791025.34
2025-03-19,2025-03-19,NEFT CR: HDFC UTR1787854736h2ns8j RAZORPAY SETTLEMENT REF:pay_xijOQYnaBphnmu,1787854736h2ns8j,54212.79,,845238.13
2025-03-25,2025-03-26,NEFT CR: HDFC UTR1787854736snffyk RAZORPAY SETTLEMENT REF:pay_SrejPXyYHikhqi,1787854736snffyk,17226.25,,862464.38
2025-03-31,2025-04-02,NEFT CR: HDFC UTR17878547360z1r5f RAZORPAY SETTLEMENT REF:pay_D9sF53grX8FFIy,17878547360z1r5f,47600.99,,910065.37
2025-04-07,2025-04-07,NEFT CR: HDFC UTR1787854736k3omd4 RAZORPAY SETTLEMENT REF:pay_FaclTttHrrK7gw,1787854736k3omd4,20907.99,,930973.36
2025-04-08,2025-04-09,NEFT CR: HDFC UTR1787854736tplc6p RAZORPAY SETTLEMENT REF:pay_HwQ2vByQDsjEcW,1787854736tplc6p,27268.21,,958241.57
2025-04-16,2025-04-16,NEFT CR: HDFC UTR1787854736exggoc RAZORPAY SETTLEMENT REF:pay_SD37eGekg895I1,1787854736exggoc,54372.49,,1012614.06
2025-04-16,2025-04-18,NEFT CR: HDFC UTR1787854736645vdb RAZORPAY SETTLEMENT REF:pay_PAZOV026Ao0tGg,1787854736645vdb,40566.28,,1053180.34
2025-04-18,2025-04-19,NEFT CR: HDFC UTR1787854736fxq7bz RAZORPAY SETTLEMENT REF:pay_QPGRXmP1JUjTve,1787854736fxq7bz,793.09,,1053973.43
2025-04-18,2025-04-18,NEFT CR: HDFC UTR1787854736d4w1ar RAZORPAY SETTLEMENT REF:pay_tvWYjMiEfvR9qH,1787854736d4w1ar,1885.09,,1055858.52
2025-04-19,2025-04-21,NEFT CR: HDFC UTR1787854736m40oey RAZORPAY SETTLEMENT REF:pay_TB6f7NVDe2odh0,1787854736m40oey,17066.16,,1072924.68
2025-04-20,2025-04-21,NEFT CR: HDFC UTR1787854736lsyj4u RAZORPAY SETTLEMENT REF:pay_k4ih9dwWNvtScf,1787854736lsyj4u,51517.44,,1124442.12
2025-04-27,2025-04-27,NEFT CR: HDFC UTR1787854736gk0eey RAZORPAY SETTLEMENT REF:pay_4NLtuu4rrYOTRc,1787854736gk0eey,11586.46,,1136028.58
2025-04-29,2025-05-01,NEFT CR: HDFC UTR1787854736fx5lik RAZORPAY SETTLEMENT REF:pay_cHmBYiBnIcDXNU,1787854736fx5lik,37949.87,,1173978.45
2025-04-29,2025-04-29,NEFT CR: HDFC UTR1787854736wbxanj RAZORPAY SETTLEMENT REF:pay_8vrGKSBUDWaPZq,1787854736wbxanj,33816.75,,1207795.2
2025-04-29,2025-05-01,NEFT CR: HDFC UTR1787854736hfu131 RAZORPAY SETTLEMENT REF:pay_CWs8luwOO7w4Mq,1787854736hfu131,6459.11,,1214254.31
2025-04-29,2025-05-01,NEFT CR: HDFC UTR1787854736nog85d RAZORPAY SETTLEMENT REF:pay_CmzB5Jc9a942S2,1787854736nog85d,17317.49,,1231571.8
2025-04-30,2025-05-01,NEFT CR: HDFC UTR1787854736hi6hab RAZORPAY SETTLEMENT REF:pay_TURfiXyEbjFeT8,1787854736hi6hab,2.08,,1231573.88
2025-04-30,2025-05-01,NEFT CR: HDFC UTR1787854736ht7ehm RAZORPAY SETTLEMENT REF:pay_ZCizx7n3iocVzy,1787854736ht7ehm,2809.42,,1234383.3
2025-05-01,2025-05-01,NEFT CR: HDFC UTR1787854736n5elb4 RAZORPAY SETTLEMENT REF:pay_8TbdnxkVEcCWRn,1787854736n5elb4,36388.17,,1270771.47
2025-05-01,2025-05-02,NEFT CR: HDFC UTR1787854736z27ujd RAZORPAY SETTLEMENT REF:pay_mdosHvNVz7SgrC,1787854736z27ujd,907.49,,1271678.96
2025-05-04,2025-05-06,NEFT CR: HDFC UTR17878547368c0s41 RAZORPAY SETTLEMENT REF:pay_VjLpgW7hwfB2CX,17878547368c0s41,16863.11,,1288542.07
2025-05-06,2025-05-07,NEFT CR: HDFC UTR1787854736wm7s6n RAZORPAY SETTLEMENT REF:pay_GUdqI78Jo2douR,1787854736wm7s6n,28766.91,,1317308.98
2025-05-17,2025-05-19,NEFT CR: HDFC UTR1787854736f4mntf RAZORPAY SETTLEMENT REF:pay_0PkgYTVUKfHf4V,1787854736f4mntf,10620.52,,1327929.5
2025-05-23,2025-05-25,NEFT CR: HDFC UTR1787854736bwcv6h RAZORPAY SETTLEMENT REF:pay_Eh30s5nxfHMIxB,1787854736bwcv6h,45154.24,,1373083.74
2025-05-25,2025-05-25,NEFT CR: HDFC UTR1787854736lr9p6h RAZORPAY SETTLEMENT REF:pay_MxzE0xpISPJaXb,1787854736lr9p6h,2255.83,,1375339.57
2025-05-25,2025-05-26,NEFT CR: HDFC UTR1787854736onxd70 RAZORPAY SETTLEMENT REF:pay_h51ZC8ryk4GPpK,1787854736onxd70,24852.73,,1400192.3
2025-05-25,2025-05-26,NEFT CR: HDFC UTR17878547360307hd RAZORPAY SETTLEMENT REF:pay_no7UxGGNuiqNXc,17878547360307hd,14829.58,,1415021.88
2025-05-28,2025-05-30,NEFT CR: HDFC UTR1787854736n53egd RAZORPAY SETTLEMENT REF:pay_0oxIRzrIrbAEPz,1787854736n53egd,1435.61,,1416457.49
2025-05-29,2025-05-29,NEFT CR: HDFC UTR1787854736uvldd9 RAZORPAY SETTLEMENT REF:pay_jy08ymnB5zQLrT,1787854736uvldd9,1930.73,,1418388.22
2025-06-03,2025-06-04,NEFT CR: HDFC UTR17878547360632cw RAZORPAY SETTLEMENT REF:pay_MNoJKEAbkSOrrc,17878547360632cw,5161.37,,1423549.59
2025-06-04,2025-06-06,NEFT CR: HDFC UTR1787854736hkhjg4 RAZORPAY SETTLEMENT REF:pay_eS4Ztk9yVsqnd6,1787854736hkhjg4,7203.04,,1430752.63
2025-06-11,2025-06-11,NEFT CR: HDFC UTR1787854736ku8h5r RAZORPAY SETTLEMENT REF:pay_uJRP0qSuCyG1t1,1787854736ku8h5r,1736.37,,1432489.0
2025-06-12,2025-06-13,NEFT CR: HDFC UTR178785473632uy84 RAZORPAY SETTLEMENT REF:pay_ZSLhON1IcDZZgY,178785473632uy84,53206.99,,1485695.99
2025-06-14,2025-06-14,NEFT CR: HDFC UTR1787854736jgublm RAZORPAY SETTLEMENT REF:pay_n6WN7dc9Xr4uxz,1787854736jgublm,32606.88,,1518302.87
2025-06-15,2025-06-17,NEFT CR: HDFC UTR1787854736k6819y RAZORPAY SETTLEMENT REF:pay_2FbrEiDhfjJUgH,1787854736k6819y,20315.23,,1538618.1
2025-06-15,2025-06-17,NEFT CR: HDFC UTR1787854736n6y2c2 RAZORPAY SETTLEMENT REF:pay_LzzPc4rQzfnHBX,1787854736n6y2c2,49060.49,,1587678.59
2025-06-19,2025-06-21,NEFT CR: HDFC UTR1787854736c1yfmh RAZORPAY SETTLEMENT REF:pay_atdpnJz3mA5fde,1787854736c1yfmh,41809.62,,1629488.21
2025-06-20,2025-06-20,NEFT CR: HDFC UTR1787854736wyjxtj RAZORPAY SETTLEMENT REF:pay_sEqmGv0lH8wVaW,1787854736wyjxtj,52323.63,,1681811.84
2025-06-21,2025-06-22,NEFT CR: HDFC UTR1787854736r3vwmj RAZORPAY SETTLEMENT REF:pay_lFb4ZegXDxErZw,1787854736r3vwmj,40667.71,,1722479.55
2025-06-22,2025-06-24,NEFT CR: HDFC UTR178785473628pijk RAZORPAY SETTLEMENT REF:pay_Jjy7KTwsnRWqUd,178785473628pijk,52326.67,,1774806.22
2025-06-25,2025-06-26,NEFT CR: HDFC UTR1787854736bb0hq6 RAZORPAY SETTLEMENT REF:pay_olT2ZlqPYVSxIl,1787854736bb0hq6,47264.5,,1822070.72
2025-07-02,2025-07-03,NEFT CR: HDFC UTR1787854736odwmqx RAZORPAY SETTLEMENT REF:pay_wmo5aho4zEKTuj,1787854736odwmqx,47595.21,,1869665.93
2025-07-13,2025-07-13,NEFT CR: HDFC UTR17878547367nzbxf RAZORPAY SETTLEMENT REF:pay_IkPUsJJUD5mpej,17878547367nzbxf,34263.49,,1903929.42
2025-07-16,2025-07-18,NEFT CR: HDFC UTR1787854736zskhzt RAZORPAY SETTLEMENT REF:pay_w84uz3wOxNLPuv,1787854736zskhzt,28988.46,,1932917.88
2025-07-18,2025-07-20,NEFT CR: HDFC UTR1787854736iiwi08 RAZORPAY SETTLEMENT REF:pay_RURo7oLgOD1yZT,1787854736iiwi08,53530.63,,1986448.51
2025-07-19,2025-07-21,NEFT CR: HDFC UTR1787854736qsq0p8 RAZORPAY SETTLEMENT REF:pay_WEOoGkuIVUnzq8,1787854736qsq0p8,29759.72,,2016208.23
2025-07-23,2025-07-25,NEFT CR: HDFC UTR1787854736f486i3 RAZORPAY SETTLEMENT REF:pay_PX4KYSrOorAdIO,1787854736f486i3,40945.92,,2057154.15
2025-07-24,2025-07-25,NEFT CR: HDFC UTR1787854736m3hxyj RAZORPAY SETTLEMENT REF:pay_9DM6vvRHeaIhOi,1787854736m3hxyj,46870.14,,2104024.29
2025-07-26,2025-07-28,NEFT CR: HDFC UTR1787854736zrjo7v RAZORPAY SETTLEMENT REF:pay_MZj4cTswenKnAQ,1787854736zrjo7v,11506.46,,2115530.75
2025-08-04,2025-08-04,NEFT CR: HDFC UTR17878547366z0hr9 RAZORPAY SETTLEMENT REF:pay_KIt80G4djblwl1,17878547366z0hr9,25499.99,,2141030.74
2025-08-05,2025-08-05,NEFT CR: HDFC UTR17878547365hrdu4 RAZORPAY SETTLEMENT REF:pay_FPiZkmwX4SkajD,17878547365hrdu4,16370.62,,2157401.36
2025-08-08,2025-08-08,NEFT CR: HDFC UTR1787854736u2y0oy RAZORPAY SETTLEMENT REF:pay_mebDQIR2eBnxsT,1787854736u2y0oy,25007.8,,2182409.16
2025-08-09,2025-08-11,NEFT CR: HDFC UTR17878547368l6e7v RAZORPAY SETTLEMENT REF:pay_WbQcOQDupFVh8k,17878547368l6e7v,10427.67,,2192836.83
2025-08-10,2025-08-12,NEFT CR: HDFC UTR1787854736dtpwdp RAZORPAY SETTLEMENT REF:pay_2wnL7a4DHJKUrV,1787854736dtpwdp,2132.92,,2194969.75
2025-08-16,2025-08-18,NEFT CR: HDFC UTR1787854736duahgk RAZORPAY SETTLEMENT REF:pay_SMOjPi6Uvestct,1787854736duahgk,21040.4,,2216010.15
2025-08-23,2025-08-24,NEFT CR: HDFC UTR1787854736cwq85x RAZORPAY SETTLEMENT REF:pay_h3udQPnvgmRERQ,1787854736cwq85x,3575.14,,2219585.29
2025-08-23,2025-08-25,NEFT CR: HDFC UTR17878547360vuh17 RAZORPAY SETTLEMENT REF:pay_qr6feECaTPF7zj,17878547360vuh17,45740.34,,2265325.63
2025-08-29,2025-08-29,NEFT CR: HDFC UTR1787854736rr3vrh RAZORPAY SETTLEMENT REF:pay_Vpu1s8lVjNoNG0,1787854736rr3vrh,31970.3,,2297295.93
2025-08-29,2025-08-29,NEFT CR: HDFC UTR17878547367b03ra RAZORPAY SETTLEMENT REF:pay_E9oBZXdnrF0nU8,17878547367b03ra,22819.0,,2320114.93
2025-09-05,2025-09-05,NEFT CR: HDFC UTR17878547368brzva RAZORPAY SETTLEMENT REF:pay_uK98yHa9a9mzP4,17878547368brzva,14532.46,,2334647.39
2025-09-06,2025-09-08,NEFT CR: HDFC UTR1787854736ibjzp9 RAZORPAY SETTLEMENT REF:pay_19qF7w491H1Psz,1787854736ibjzp9,35267.47,,2369914.86
2025-09-08,2025-09-09,NEFT CR: HDFC UTR17878547361hjr6e RAZORPAY SETTLEMENT REF:pay_EpPMj6WpORELeU,17878547361hjr6e,25286.62,,2395201.48
2025-09-09,2025-09-09,NEFT CR: HDFC UTR1787854736t4h20r RAZORPAY SETTLEMENT REF:pay_Pd0EZnMrePoAuv,1787854736t4h20r,41295.71,,2436497.19
2025-09-13,2025-09-13,NEFT CR: HDFC UTR17878547366bkade RAZORPAY SETTLEMENT REF:pay_W2cxsvTMTC1tBi,17878547366bkade,26853.83,,2463351.02
2025-09-13,2025-09-15,NEFT CR: HDFC UTR1787854736ogbjze RAZORPAY SETTLEMENT REF:pay_e3bDoA1gusN72g,1787854736ogbjze,34993.22,,2498344.24
2025-09-15,2025-09-15,NEFT CR: HDFC UTR1787854736y95g5d RAZORPAY SETTLEMENT REF:pay_AjG8R9he60dLGK,1787854736y95g5d,46951.45,,2545295.69
2025-09-20,2025-09-22,NEFT CR: HDFC UTR17878547369kr2fv RAZORPAY SETTLEMENT REF:pay_hxtv6j8Y59KOTt,17878547369kr2fv,20941.25,,2566236.94
2025-09-23,2025-09-23,NEFT CR: HDFC UTR1787854736ibsmqp RAZORPAY SETTLEMENT REF:pay_evFmnZ7XCMXATz,1787854736ibsmqp,46180.91,,2612417.85
2025-09-23,2025-09-24,NEFT CR: HDFC UTR1787854736rv7vsy RAZORPAY SETTLEMENT REF:pay_4nc8QDy20WpaH0,1787854736rv7vsy,26530.86,,2638948.71
2025-09-24,2025-09-24,NEFT CR: HDFC UTR17878547363fezez RAZORPAY SETTLEMENT REF:pay_jTQBlByRydWkOJ,17878547363fezez,29525.8,,2668474.51
2025-09-24,2025-09-26,NEFT CR: HDFC UTR1787854736cqoroi RAZORPAY SETTLEMENT REF:pay_QGV3JE68U93rao,1787854736cqoroi,16763.8,,2685238.31
2025-09-25,2025-09-27,NEFT CR: HDFC UTR17878547362tp6qa RAZORPAY SETTLEMENT REF:pay_GMLrstQRODj0JW,17878547362tp6qa,10603.95,,2695842.26
2025-09-25,2025-09-27,NEFT CR: HDFC UTR1787854736ftcdz3 RAZORPAY SETTLEMENT REF:pay_plMBKSF0TYeoFh,1787854736ftcdz3,5285.43,,2701127.69
2025-09-28,2025-09-30,NEFT CR: HDFC UTR1787854736n8nd7g RAZORPAY SETTLEMENT REF:pay_MxZGakQhjl9YMi,1787854736n8nd7g,46463.08,,2747590.77
2025-09-30,2025-09-30,NEFT CR: HDFC UTR1787854736ebevsx RAZORPAY SETTLEMENT REF:pay_ZBwvA4olAPxS7n,1787854736ebevsx,27578.64,,2775169.41
2025-10-04,2025-10-04,NEFT CR: HDFC UTR178785473633zsmv RAZORPAY SETTLEMENT REF:pay_naBmMkYrMuyDG2,178785473633zsmv,10284.05,,2785453.46
2025-10-11,2025-10-13,NEFT CR: HDFC UTR17878547363lritj RAZORPAY SETTLEMENT REF:pay_apXJ5EzFFtyiki,17878547363lritj,47753.6,,2833207.06
2025-10-15,2025-10-17,NEFT CR: HDFC UTR1787854736jfe8ud RAZORPAY SETTLEMENT REF:pay_Xj7tC4jLlf7byz,1787854736jfe8ud,51852.41,,2885059.47
2025-10-21,2025-10-21,NEFT CR: HDFC UTR1787854736ds1eeu RAZORPAY SETTLEMENT REF:pay_ihcTLrjOwCuryX,1787854736ds1eeu,25009.18,,2910068.65
2025-10-21,2025-10-23,NEFT CR: HDFC UTR1787854736aq15o2 RAZORPAY SETTLEMENT REF:pay_E5ouNzQiQGtOD4,1787854736aq15o2,12676.77,,2922745.42
2025-10-22,2025-10-23,NEFT CR: HDFC UTR1787854736ojsyt5 RAZORPAY SETTLEMENT REF:pay_AY0X1bazokSlrd,1787854736ojsyt5,30247.24,,2952992.66
2025-10-23,2025-10-23,NEFT CR: HDFC UTR1787854736ptkezj RAZORPAY SETTLEMENT REF:pay_1jYInBuNaVWswj,1787854736ptkezj,13831.76,,2966824.42
2025-10-30,2025-11-01,NEFT CR: HDFC UTR1787854736gp3jk8 RAZORPAY SETTLEMENT REF:pay_z8Apb4mm7qT46X,1787854736gp3jk8,53074.57,,3019898.99
2025-10-31,2025-10-31,NEFT CR: HDFC UTR1787854736xf1pi2 RAZORPAY SETTLEMENT REF:pay_a7OQTxrtTQEMwk,1787854736xf1pi2,5729.42,,3025628.41
2025-11-01,2025-11-02,NEFT CR: HDFC UTR1787854736pob7fu RAZORPAY SETTLEMENT REF:pay_cZh7MTQHJqzrCz,1787854736pob7fu,29642.72,,3055271.13
2025-11-01,2025-11-03,NEFT CR: HDFC UTR1787854736fox5ww RAZORPAY SETTLEMENT REF:pay_PWfpQ9BZcuPcxI,1787854736fox5ww,6085.5,,3061356.63
2025-11-05,2025-11-07,NEFT CR: HDFC UTR1787854736737suu RAZORPAY SETTLEMENT REF:pay_epYvCFPHv1zA1c,1787854736737suu,40039.74,,3101396.37
2025-11-07,2025-11-08,NEFT CR: HDFC UTR1787854736imoe0s RAZORPAY SETTLEMENT REF:pay_zdyuVH7I71s87x,1787854736imoe0s,20570.55,,3121966.92
2025-11-10,2025-11-11,NEFT CR: HDFC UTR1787854736cbhhlk RAZORPAY SETTLEMENT REF:pay_mPqVHXkKzSStkU,1787854736cbhhlk,13192.76,,3135159.68
2025-11-10,2025-11-12,NEFT CR: HDFC UTR17878547366gvgt2 RAZORPAY SETTLEMENT REF:pay_RFb91KzlxyLoQs,17878547366gvgt2,20483.23,,3155642.91
2025-11-10,2025-11-12,NEFT CR: HDFC UTR1787854736a3y5t3 RAZORPAY SETTLEMENT REF:pay_1vTFcWSwtPW89w,1787854736a3y5t3,22494.35,,3178137.26
2025-11-13,2025-11-15,NEFT CR: HDFC UTR1787854736o1lqsr RAZORPAY SETTLEMENT REF:pay_hL397g0EyDAInE,1787854736o1lqsr,31374.22,,3209511.48
2025-11-18,2025-11-19,NEFT CR: HDFC UTR1787854736j6oww5 RAZORPAY SETTLEMENT REF:pay_v1aGhr8wo6uJcU,1787854736j6oww5,23606.89,,3233118.37
2025-11-19,2025-11-20,NEFT CR: HDFC UTR1787854736lpa5cg RAZORPAY SETTLEMENT REF:pay_HVdjpZu0R0ygBJ,1787854736lpa5cg,4532.11,,3237650.48
2025-11-23,2025-11-23,NEFT CR: HDFC UTR1787854736qz05ev RAZORPAY SETTLEMENT REF:pay_E5GwSFvbYodhIY,1787854736qz05ev,2966.15,,3240616.63
2025-11-24,2025-11-25,NEFT CR: HDFC UTR1787854736b3lpvo RAZORPAY SETTLEMENT REF:pay_Ip4xtX6iiHAkh6,1787854736b3lpvo,1051.04,,3241667.67
2025-11-24,2025-11-26,NEFT CR: HDFC UTR1787854736zbrd39 RAZORPAY SETTLEMENT REF:pay_4VZofJNzMLx005,1787854736zbrd39,1041.55,,3242709.22
2025-11-25,2025-11-26,NEFT CR: HDFC UTR178785473643qlx3 RAZORPAY SETTLEMENT REF:pay_r6iiL92eTeFONg,178785473643qlx3,14620.43,,3257329.65
2025-11-27,2025-11-27,NEFT CR: HDFC UTR178785473684hxxp RAZORPAY SETTLEMENT REF:pay_hmRTfMyhYnzqEr,178785473684hxxp,14584.68,,3271914.33
2025-11-29,2025-11-29,NEFT CR: HDFC UTR1787854736is2gy9 RAZORPAY SETTLEMENT REF:pay_w122QojdKYmqYY,1787854736is2gy9,50542.34,,3322456.67
2025-12-04,2025-12-04,NEFT CR: HDFC UTR178785473647d9gb RAZORPAY SETTLEMENT REF:pay_jXXk3EP8NZyVx3,178785473647d9gb,18085.66,,3340542.33
2025-12-05,2025-12-05,NEFT CR: HDFC UTR17878547368314y2 RAZORPAY SETTLEMENT REF:pay_cQ1gnllkV0myrS,17878547368314y2,3136.15,,3343678.48
2025-12-05,2025-12-05,NEFT CR: HDFC UTR1787854736x15xjx RAZORPAY SETTLEMENT REF:pay_bOfRJJlyoZUHpd,1787854736x15xjx,15.28,,3343693.76
2025-12-06,2025-12-08,NEFT CR: HDFC UTR1787854736auwidq RAZORPAY SETTLEMENT REF:pay_IHSLqfZIXLnqo9,1787854736auwidq,5756.89,,3349450.65
2025-12-06,2025-12-06,NEFT CR: HDFC UTR1787854736ezg52k RAZORPAY SETTLEMENT REF:pay_ITbDWAIy7feqZ0,1787854736ezg52k,35700.92,,3385151.57
2025-12-06,2025-12-06,NEFT CR: HDFC UTR1787854736zkelz5 RAZORPAY SETTLEMENT REF:pay_ZPHkIf3JK5gZ8n,1787854736zkelz5,9372.67,,3394524.24
2025-12-08,2025-12-09,NEFT CR: HDFC UTR1787854736rttquf RAZORPAY SETTLEMENT REF:pay_Elmk8UnwbOiXLk,1787854736rttquf,26968.26,,3421492.5
2025-12-09,2025-12-09,NEFT CR: HDFC UTR1787854736bpgvv4 RAZORPAY SETTLEMENT REF:pay_KPbbgJXRZUlwoE,1787854736bpgvv4,3837.96,,3425330.46
2025-12-12,2025-12-13,NEFT CR: HDFC UTR1787854736ax985i RAZORPAY SETTLEMENT REF:pay_3WL64ZOtItkKWo,1787854736ax985i,7862.43,,3433192.89
2025-12-13,2025-12-13,NEFT CR: HDFC UTR1787854736nue7a3 RAZORPAY SETTLEMENT REF:pay_PhD9poBqZXhdJr,1787854736nue7a3,19260.9,,3452453.79
2025-12-15,2025-12-15,NEFT CR: HDFC UTR1787854736mlquh5 RAZORPAY SETTLEMENT REF:pay_D95E5BZvv8oa9X,1787854736mlquh5,22419.46,,3474873.25
2025-12-16,2025-12-18,NEFT CR: HDFC UTR1787854736rwqmmu RAZORPAY SETTLEMENT REF:pay_xrci4HIcgiTuby,1787854736rwqmmu,38773.57,,3513646.82
2025-12-16,2025-12-16,NEFT CR: HDFC UTR17878547362ink4f RAZORPAY SETTLEMENT REF:pay_XbQUkjQWOpcJq5,17878547362ink4f,26277.46,,3539924.28
2025-12-17,2025-12-19,NEFT CR: HDFC UTR1787854736iyojtp RAZORPAY SETTLEMENT REF:pay_jlq6XvjgYoPHte,1787854736iyojtp,52385.84,,3592310.12
2025-12-21,2025-12-21,NEFT CR: HDFC UTR1787854736ijvddw RAZORPAY SETTLEMENT REF:pay_jvKgbR9by8dZTG,1787854736ijvddw,33310.35,,3625620.47
2025-12-22,2025-12-23,NEFT CR: HDFC UTR1787854736c4ryg9 RAZORPAY SETTLEMENT REF:pay_cDn54oAgZBshRf,1787854736c4ryg9,5723.3,,3631343.77
2025-12-23,2025-12-24,NEFT CR: HDFC UTR17878547364oipr1 RAZORPAY SETTLEMENT REF:pay_6L4gOmPVxE7cPr,17878547364oipr1,8725.24,,3640069.01
2025-12-24,2025-12-25,NEFT CR: HDFC UTR1787854736sr5rup RAZORPAY SETTLEMENT REF:pay_ry9aIEXtGT2Ivu,1787854736sr5rup,32918.88,,3672987.89
2025-12-28,2025-12-30,NEFT CR: HDFC UTR17878547362xrw6t RAZORPAY SETTLEMENT REF:pay_1CB51jjrZHBUxm,17878547362xrw6t,33882.94,,3706870.83
2025-12-29,2025-12-31,NEFT CR: HDFC UTR1787854736s7rp42 RAZORPAY SETTLEMENT REF:pay_PniHShfK6Josl0,1787854736s7rp42,10146.25,,3717017.08
2025-12-29,2025-12-31,NEFT CR: HDFC UTR17878547368cq1xg RAZORPAY SETTLEMENT REF:pay_BCnjovZnemR7dx,17878547368cq1xg,6687.2,,3723704.28
2025-12-29,2025-12-30,NEFT CR: HDFC UTR1787854736n2xr83 RAZORPAY SETTLEMENT REF:pay_EDbeMlTst18IWi,1787854736n2xr83,7559.13,,3731263.41
2025-12-29,2025-12-29,NEFT CR: HDFC UTR1787854736iqup06 RAZORPAY SETTLEMENT REF:pay_lQo8jODdgswXyP,1787854736iqup06,3390.89,,3734654.3
2025-12-31,2026-01-02,NEFT CR: HDFC UTR17878547366vv8su RAZORPAY SETTLEMENT REF:pay_jQZcn2FfR6W6UA,17878547366vv8su,36537.98,,3771192.28
2026-01-04,2026-01-05,NEFT CR: HDFC UTR1787854736m33mg1 RAZORPAY SETTLEMENT REF:pay_yZh1d2dE3sf3xq,1787854736m33mg1,43308.23,,3814500.51
2026-01-10,2026-01-10,NEFT CR: HDFC UTR1787854736dxo100 RAZORPAY SETTLEMENT REF:pay_wrNlr9MIEKs9y7,1787854736dxo100,3472.24,,3817972.75
2026-01-16,2026-01-17,NEFT CR: HDFC UTR1787854736bgtj54 RAZORPAY SETTLEMENT REF:pay_lXqekOncp3cRhE,1787854736bgtj54,30079.81,,3848052.56
2026-01-22,2026-01-24,NEFT CR: HDFC UTR178785473644eew1 RAZORPAY SETTLEMENT REF:pay_UU8tbneTri3mWp,178785473644eew1,42124.27,,3890176.83
2026-01-26,2026-01-26,NEFT CR: HDFC UTR178785473681do6o RAZORPAY SETTLEMENT REF:pay_72I1H9YH8zu8cs,178785473681do6o,29409.38,,3919586.21
2026-01-27,2026-01-29,NEFT CR: HDFC UTR1787854736m42o34 RAZORPAY SETTLEMENT REF:pay_pKWbm2FyLY7QX0,1787854736m42o34,28020.98,,3947607.19
2026-01-28,2026-01-28,NEFT CR: HDFC UTR1787854736juw7wr RAZORPAY SETTLEMENT REF:pay_uDFbalZNfVGqkg,1787854736juw7wr,5363.84,,3952971.03
2026-02-02,2026-02-04,NEFT CR: HDFC UTR1787854736ywk5jr RAZORPAY SETTLEMENT REF:pay_a9LSGUSbsKbbt4,1787854736ywk5jr,50965.42,,4003936.45
2026-02-07,2026-02-09,NEFT CR: HDFC UTR1787854736u8kd9g RAZORPAY SETTLEMENT REF:pay_86EnWxq7IlwCEw,1787854736u8kd9g,53705.73,,4057642.18
2026-02-08,2026-02-08,NEFT CR: HDFC UTR1787854736uxdq59 RAZORPAY SETTLEMENT REF:pay_BvSRhKcuviHHwz,1787854736uxdq59,8953.89,,4066596.07
2026-02-08,2026-02-08,NEFT CR: HDFC UTR17878547360bjwko RAZORPAY SETTLEMENT REF:pay_Csh9GzuS9bVyb9,17878547360bjwko,3471.81,,4070067.88
2026-02-09,2026-02-11,NEFT CR: HDFC UTR1787854736r9kmp6 RAZORPAY SETTLEMENT REF:pay_kVsnKIMMDVRhUr,1787854736r9kmp6,3839.96,,4073907.84
2026-02-09,2026-02-11,NEFT CR: HDFC UTR1787854736aw1lxx RAZORPAY SETTLEMENT REF:pay_qHt66Y97Cl57Nj,1787854736aw1lxx,35471.93,,4109379.77
2026-02-11,2026-02-12,NEFT CR: HDFC UTR1787854736w7jp61 RAZORPAY SETTLEMENT REF:pay_xilFT9sgvzE8nb,1787854736w7jp61,23552.86,,4132932.63
2026-02-17,2026-02-17,NEFT CR: HDFC UTR178785473679955c RAZORPAY SETTLEMENT REF:pay_KoiSdtsi463oNN,178785473679955c,8889.98,,4141822.61
2026-03-06,2026-03-07,NEFT CR: HDFC UTR1787854736vv59ho RAZORPAY SETTLEMENT REF:pay_ppQlIzGsHHGMMQ,1787854736vv59ho,12615.77,,4154438.38
2026-03-06,2026-03-07,NEFT CR: HDFC UTR1787854736nhksqn RAZORPAY SETTLEMENT REF:pay_ZJh4qdOAFGje6w,1787854736nhksqn,2591.22,,4157029.6
2026-03-12,2026-03-12,NEFT CR: HDFC UTR1787854736vpgstq RAZORPAY SETTLEMENT REF:pay_awOHOnmDzehnjs,1787854736vpgstq,25154.0,,4182183.6
2026-03-19,2026-03-20,NEFT CR: HDFC UTR17878547369jd3ih RAZORPAY SETTLEMENT REF:pay_ECsBVGx5tfiUac,17878547369jd3ih,5805.39,,4187988.99
2026-03-24,2026-03-26,NEFT CR: HDFC UTR1787854736gnrfio RAZORPAY SETTLEMENT REF:pay_R86zFNn8DU9wMz,1787854736gnrfio,54939.14,,4242928.13
2026-03-31,2026-04-02,NEFT CR: HDFC UTR1787854736iwkesv RAZORPAY SETTLEMENT REF:pay_UQS0d1k6E3f1XS,1787854736iwkesv,53925.63,,4296853.76
2026-04-11,2026-04-12,NEFT CR: HDFC UTR1787854736d0nx5w RAZORPAY SETTLEMENT REF:pay_4oTbjtFSuKIh8g,1787854736d0nx5w,20195.83,,4317049.59
2026-04-17,2026-04-19,NEFT CR: HDFC UTR1787854736zq50op RAZORPAY SETTLEMENT REF:pay_Jv3pHtA1ACW5L7,1787854736zq50op,21326.69,,4338376.28
2026-04-17,2026-04-17,NEFT CR: HDFC UTR1787854736khba5m RAZORPAY SETTLEMENT REF:pay_soNP4TzjHpDNfC,1787854736khba5m,13650.81,,4352027.09
2026-04-24,2026-04-26,NEFT CR: HDFC UTR1787854736z5p3vo RAZORPAY SETTLEMENT REF:pay_EVTn7yptUANqVw,1787854736z5p3vo,9999.79,,4362026.88
2026-05-01,2026-05-01,NEFT CR: HDFC UTR1787854736l9c59e RAZORPAY SETTLEMENT REF:pay_rouhlw7SLqLKfX,1787854736l9c59e,31457.21,,4393484.09
2026-05-06,2026-05-08,NEFT CR: HDFC UTR1787854736fkxwex RAZORPAY SETTLEMENT REF:pay_OcJL2vBom63OEk,1787854736fkxwex,55332.07,,4448816.16
2026-05-07,2026-05-07,NEFT CR: HDFC UTR17878547361vgll4 RAZORPAY SETTLEMENT REF:pay_IoNSD624mae86p,17878547361vgll4,36605.56,,4485421.72
2026-05-14,2026-05-16,NEFT CR: HDFC UTR1787854736jwh55h RAZORPAY SETTLEMENT REF:pay_RA6FsevqoexFNq,1787854736jwh55h,10051.9,,4495473.62
2026-05-17,2026-05-17,NEFT CR: HDFC UTR1787854736yesu4f RAZORPAY SETTLEMENT REF:pay_2PCbhuwI9O4jjv,1787854736yesu4f,38263.89,,4533737.51
2026-05-26,2026-05-27,NEFT CR: HDFC UTR17878547362y8rgy RAZORPAY SETTLEMENT REF:pay_9tSUzhrSyWp8kx,17878547362y8rgy,27884.7,,4561622.21
2026-05-26,2026-05-28,NEFT CR: HDFC UTR1787854736mdmmmx RAZORPAY SETTLEMENT REF:pay_SPEQXwJYWF6bvG,1787854736mdmmmx,20607.8,,4582230.01
2026-05-26,2026-05-26,NEFT CR: HDFC UTR1787854736nxiv9i RAZORPAY SETTLEMENT REF:pay_ssGlL5YcwsGZ5z,1787854736nxiv9i,43613.72,,4625843.73
2026-05-26,2026-05-27,NEFT CR: HDFC UTR1787854736f0jqqn RAZORPAY SETTLEMENT REF:pay_OwxRp5Y78TiAPm,1787854736f0jqqn,7550.75,,4633394.48
2026-06-09,2026-06-11,NEFT CR: HDFC UTR1787854736p5el2b RAZORPAY SETTLEMENT REF:pay_bo7IegD50df5Kj,1787854736p5el2b,52195.0,,4685589.48
2026-06-10,2026-06-10,NEFT CR: HDFC UTR1787854736w0gkej RAZORPAY SETTLEMENT REF:pay_id9jwYI1HOw6Gf,1787854736w0gkej,8372.71,,4693962.19
2026-06-13,2026-06-13,NEFT CR: HDFC UTR1787854736yvzwd3 RAZORPAY SETTLEMENT REF:pay_9iWIlYCCsxgJ3I,1787854736yvzwd3,51815.1,,4745777.29
2026-06-21,2026-06-22,NEFT CR: HDFC UTR1787854736phh62m RAZORPAY SETTLEMENT REF:pay_cNSgmkA970ikRq,1787854736phh62m,46488.93,,4792266.22
2026-06-29,2026-07-01,NEFT CR: HDFC UTR1787854736bslulz RAZORPAY SETTLEMENT REF:pay_21RwZ5fyRSk9eJ,1787854736bslulz,44285.08,,4836551.3
2026-07-02,2026-07-03,NEFT CR: HDFC UTR1787854736mx1gm3 RAZORPAY SETTLEMENT REF:pay_eCfk12bgcsZoJd,1787854736mx1gm3,53822.93,,4890374.23
2026-07-06,2026-07-06,NEFT CR: HDFC UTR1787854736fia3o1 RAZORPAY SETTLEMENT REF:pay_IgAobsmJZq1FGu,1787854736fia3o1,11120.15,,4901494.38
2026-07-08,2026-07-08,NEFT CR: HDFC UTR1787854736vq05px RAZORPAY SETTLEMENT REF:pay_zPFBh9Vowou6MB,1787854736vq05px,8409.2,,4909903.58
2026-07-08,2026-07-08,NEFT CR: HDFC UTR1787854736m2kql0 RAZORPAY SETTLEMENT REF:pay_YEUph7m3ehmOqR,1787854736m2kql0,26518.51,,4936422.09
2026-07-09,2026-07-10,NEFT CR: HDFC UTR178785473678rapk RAZORPAY SETTLEMENT REF:pay_piNrvKluHy7GBT,178785473678rapk,34149.49,,4970571.58
2026-07-11,2026-07-13,NEFT CR: HDFC UTR1787854736rym81c RAZORPAY SETTLEMENT REF:pay_dgauUrQPHLHhvL,1787854736rym81c,32408.59,,5002980.17
2026-07-11,2026-07-11,NEFT CR: HDFC UTR17878547361v3zo7 RAZORPAY SETTLEMENT REF:pay_yOwwkR99hxG1IW,17878547361v3zo7,25407.46,,5028387.63
2026-07-11,2026-07-13,NEFT CR: HDFC UTR1787854736laq665 RAZORPAY SETTLEMENT REF:pay_7DdYqe4EFlERnh,1787854736laq665,5972.07,,5034359.7
2026-07-12,2026-07-14,NEFT CR: HDFC UTR1787854736wbkok3 RAZORPAY SETTLEMENT REF:pay_KDtgudwfGf6Cw1,1787854736wbkok3,5279.92,,5039639.62
2026-07-12,2026-07-13,NEFT CR: HDFC UTR1787854736b86ktf RAZORPAY SETTLEMENT REF:pay_EXIBg4qzlL3l2g,1787854736b86ktf,26969.46,,5066609.08
2026-07-13,2026-07-13,NEFT CR: HDFC UTR1787854736hmewcj RAZORPAY SETTLEMENT REF:pay_Ilz3wogWCgOxwX,1787854736hmewcj,3948.04,,5070557.12
2026-07-21,2026-07-21,NEFT CR: HDFC UTR1787854736nn16ux RAZORPAY SETTLEMENT REF:pay_gclGr0ovsNbOVc,1787854736nn16ux,30939.75,,5101496.87
2026-07-25,2026-07-26,NEFT CR: HDFC UTR1787854736uws44c RAZORPAY SETTLEMENT REF:pay_RXg7yxIPn2iG00,1787854736uws44c,45190.54,,5146687.41
2026-07-25,2026-07-25,NEFT CR: HDFC UTR1787854736gft4mp RAZORPAY SETTLEMENT REF:pay_Q4Jb6NbVBDfO9X,1787854736gft4mp,20010.16,,5166697.57
2026-07-26,2026-07-27,NEFT CR: HDFC UTR17878547360sqg4e RAZORPAY SETTLEMENT REF:pay_JXJNZUcDzYv6B2,17878547360sqg4e,21663.07,,5188360.64
2026-07-30,2026-07-31,NEFT CR: HDFC UTR1787854736gfah5n RAZORPAY SETTLEMENT REF:pay_6SY3zhtx3eQeYp,1787854736gfah5n,8690.24,,5197050.88
2026-07-31,2026-07-31,NEFT CR: HDFC UTR17878547364t8bp6 RAZORPAY SETTLEMENT REF:pay_5Sij0phXtxqEuV,17878547364t8bp6,50482.3,,5247533.18
2026-07-31,2026-08-02,NEFT CR: HDFC UTR1787854736sbzb7t RAZORPAY SETTLEMENT REF:pay_u53BySRerG1I8b,1787854736sbzb7t,10579.4,,5258112.58
2026-08-02,2026-08-03,NEFT CR: HDFC UTR1787854736lwjtiq RAZORPAY SETTLEMENT REF:pay_MIs40UBk4w017X,1787854736lwjtiq,11979.06,,5270091.64
2026-08-02,2026-08-02,NEFT CR: HDFC UTR1787854736lwjtiq RAZORPAY SETTLEMENT REF:pay_YURc2wmgaZJkv6,1787854736lwjtiq,52581.68,,5322673.32
2026-08-03,2026-08-04,NEFT CR: HDFC UTR1787854736p6rfe6 RAZORPAY SETTLEMENT REF:pay_7TIRFillwq0oSg,1787854736p6rfe6,10151.6,,5332824.92
2026-08-03,2026-08-03,NEFT CR: HDFC UTR17878547362t5ovj RAZORPAY SETTLEMENT REF:pay_qDYnxzdlFQWls5,17878547362t5ovj,3402.74,,5336227.66
2026-08-04,2026-08-05,NEFT CR: HDFC UTR1787854736xsf3l2 RAZORPAY SETTLEMENT REF:pay_zjaPv4FlhPAuAg,1787854736xsf3l2,9693.12,,5345920.78
2026-08-05,2026-08-05,NEFT CR: HDFC UTR17878547365b7kxu RAZORPAY SETTLEMENT REF:pay_QOpgxY42CoG8nQ,17878547365b7kxu,10925.08,,5356845.86
2026-08-08,2026-08-09,NEFT CR: HDFC UTR1787854736qaluld RAZORPAY SETTLEMENT REF:pay_ifGFilw1AZwsi9,1787854736qaluld,13601.46,,5370447.32
2026-08-10,2026-08-11,NEFT CR: HDFC UTR1787854736f7fr91 RAZORPAY SETTLEMENT REF:pay_CoQxbYb7VLqWxQ,1787854736f7fr91,50164.91,,5420612.23
2026-08-12,2026-08-12,NEFT CR: HDFC UTR1787854736qk8sz7 RAZORPAY SETTLEMENT REF:pay_R7DvKeA05gMwfr,1787854736qk8sz7,1474.52,,5422086.75
2026-08-13,2026-08-14,NEFT CR: HDFC UTR1787854736krjawo RAZORPAY SETTLEMENT REF:pay_bXdPVwq31dPXwN,1787854736krjawo,3815.23,,5425901.98
2026-08-14,2026-08-14,NEFT CR: HDFC UTR17878547363yu6vk RAZORPAY SETTLEMENT REF:pay_N0H6oJ5SrZddcI,17878547363yu6vk,23522.04,,5449424.02
2026-08-15,2026-08-17,NEFT CR: HDFC UTR1787854736mpxkc5 RAZORPAY SETTLEMENT REF:pay_LtxjuK13zfFpLI,1787854736mpxkc5,52455.83,,5501879.85
2026-08-17,2026-08-19,NEFT CR: HDFC UTR178785473698ybqg RAZORPAY SETTLEMENT REF:pay_7RlM5jQZGES6x7,178785473698ybqg,1669.27,,5503549.12
2026-08-17,2026-08-17,NEFT CR: HDFC UTR1787854736oapht6 RAZORPAY SETTLEMENT REF:pay_ZVhrQRYuViLTNj,1787854736oapht6,4166.27,,5507715.39
2026-08-18,2026-08-19,NEFT CR: HDFC UTR1787854736mpm5hg RAZORPAY SETTLEMENT REF:pay_4eMt2MMPmJG5pp,1787854736mpm5hg,2813.48,,5510528.87
2026-08-21,2026-08-23,NEFT CR: HDFC UTR17878547362o003e RAZORPAY SETTLEMENT REF:pay_hCdme931e94RNj,17878547362o003e,2034.69,,5512563.56
2026-08-22,2026-08-23,NEFT CR: HDFC UTR17878547366rpkzg RAZORPAY SETTLEMENT REF:pay_s8gRGMOLAhR8ir,17878547366rpkzg,23774.5,,5536338.06
2026-08-24,2026-08-25,NEFT CR: HDFC UTR1787854736z3a8v4 RAZORPAY SETTLEMENT REF:pay_J9dS5FztVVwgVG,1787854736z3a8v4,11135.34,,5547473.4
2026-08-24,2026-08-25,NEFT CR: HDFC UTR178785473658ps0r RAZORPAY SETTLEMENT REF:pay_Wo8FRYpZMAr4it,178785473658ps0r,3067.41,,5550540.81
2026-08-27,2026-08-28,NEFT CR: HDFC UTR1787854736zrwjxl RAZORPAY SETTLEMENT REF:pay_cpWDhNaNQzUjje,1787854736zrwjxl,26110.74,,5576651.55
2026-08-28,2026-08-30,NEFT CR: HDFC UTR1787854736767j2d RAZORPAY SETTLEMENT REF:pay_z4SZI6SeG3Icpu,1787854736767j2d,50995.51,,5627647.06
2026-08-30,2026-09-01,NEFT CR: HDFC UTR1787854736idzs13 RAZORPAY SETTLEMENT REF:pay_O3qjQ5qRhoL0AM,1787854736idzs13,4408.07,,5632055.13
2026-08-31,2026-09-01,NEFT CR: HDFC UTR17878547367aitmo RAZORPAY SETTLEMENT REF:pay_7qcS90GXWSrBzY,17878547367aitmo,45793.15,,5677848.28
