order_id,invoice_id
order_TUtFb4m9a9I11D,INV-001
order_TUtFbANjpaGMkM,INV-002
order_TUtFbILA152eZZ,INV-003
order_TUtFbPcYGeU34K,INV-004
order_TUtFbVB42cFZkx,INV-005
order_TUtFbZe082W6p7,INV-006
order_TUtFbeMSm9vvMp,INV-007
order_gl75uqsYpX3bPD,INV-008
order_EBUfRehs2jPdZF,INV-009
order_DtxGLhILc2Ey1G,INV-010
order_NYDX9Qwca79isJ,INV-011
order_uDkf0J7ELkpOH3,INV-012
order_5MsOYpSTuEc99E,INV-013
order_WJzrl9oAySp6IH,INV-014
order_MnQe40FaRAvnQt,INV-015
order_TUtFcAa67XJssR,INV-016
order_TUtFcGMnnRuHme,INV-017
order_TUtFcM84vZF5gy,INV-018
order_TUtFcQGBJzYcvq,INV-019
order_TUtFcVUiE5F37O,INV-020
order_TUtFcaD1WshCO6,INV-021
order_TUtFcehJJUiB67,INV-022
order_63lsfzh3udQPnv,INV-023
order_QThIOrrDZhZMa4,INV-024
order_u07ZuhlNNbBUqZ,INV-025
order_4kpFa1LQUcU2R6,INV-026
order_9Vowou6MBJHpiN,INV-027
order_7GBTp7YsEqmGv0,INV-028
order_fV0yG7nzrbt7Qy,INV-029
order_TP5RbujpUeUeVQ,INV-030
order_OZiOdsbBSZPpWi,INV-031
order_TOsTu6qLtRkvl8,INV-032
order_rHCDS6nuGARdV7,INV-033
order_TUtFdJFdL9d3Ti,INV-034
order_TUtFdNu8w45h6M,INV-035
order_TUtFdTKV8kPyba,INV-036
order_TUtFdXh7FA668B,INV-037
order_TUtFddEf4hNQKs,INV-038
order_TUtFdhe23bO35n,INV-039
order_TUtFdnWntRcI0A,INV-040
order_VwQAtzjo1beUvX,INV-041
order_CuryXpy8eCfk12,INV-042
order_18EwQmYEUph7m3,INV-043
order_uaGn2br4CxSXJg,INV-044
order_ekOncp3cRhE69S,INV-045
order_0GXWSrBzYA1w84,INV-046
order_nmqsozm4oTbjtF,INV-047
order_g4zPzdyuVH7I71,INV-048
order_hcppky6GOB2i4N,INV-049
order_CC9HOhYX6rhkt2,INV-050
order_TUtFePHQsezdDE,INV-051
order_TUtFeTZnQNR873,INV-052
order_TUtFeY61P6PEnS,INV-053
order_TUtFecNIbxxxib,INV-054
order_TUtFehTzErArv7,INV-055
order_TUtFelr9vlQWdV,INV-056
order_TUtFerG5RYQpTB,INV-057
order_Et8FgXcJTU6k2J,INV-058
order_lZNfVGqkgTN9DM,INV-059
order_eaIhOipVYubcET,INV-060
order_7K6cqWbGbYE1uN,INV-061
order_V7oJGPKJvE6mci,INV-062
order_bSRDfTcDzE11mf,INV-063
order_TdJDG3VsfKPbbg,INV-064
order_wqDnUUiXP07lJF,INV-065
order_k6TXxypztqgoaW,INV-066
order_L9JSwfhtgp2mlJ,INV-067
order_8luwOO7w4Mqjbv,INV-068
order_TUtFfVTiry4Qy8,INV-069
order_TUtFfZZFR0D05Z,INV-070
order_TUtFfdYIuUHsYK,INV-071
order_TUtFfhqxjS9sTl,INV-072
order_TUtFfmBGoPHiGO,INV-073
order_TUtFfqqZtYRhWH,INV-074
order_TUtFfwolHxLpd8,INV-075
order_R86EnWxq7IlwCE,INV-076
order_q6XvjgYoPHteXi,INV-077
order_MIEKs9y79priSS,INV-078
order_xOeWjc8I2EYsdZ,INV-079
order_cgHzikvIf1zgSK,INV-080
order_niHShfK6Josl0i,INV-081
order_ovZnemR7dxqSED,INV-082
order_Tst18IWiTcQPGR,INV-083
order_5sLJ9c2eFYcOkD,INV-084
order_a2tvWYjMiEfvR9,INV-085
order_uMffCIUdclfUmK,INV-086
order_TUtFgcCjVFPjuX,INV-087
order_TUtFggQhVWdVjr,INV-088
order_TUtFgkhu6GQXVY,INV-089
order_TUtFgrfYB50rso,INV-090
order_TUtFgwOc0dDrvp,INV-091
order_TUtFh18t6TYvVj,INV-092
order_TUtFh5r4CDx6QC,INV-093
order_KcPLtxjuK13zfF,INV-094
order_QOu7SsAoqDHTZf,INV-095
order_7dc9Xr4uxzvqkw,INV-096
order_z3MhK0bqse3bDI,INV-097
order_YyujCVD95E5BZv,INV-098
order_E72I1H9YH8zu8c,INV-099
order_R6sGyZv2AMGClr,INV-100
order_uwI9O4jjvyO29g,INV-101
order_mae86pwTZJXud0,INV-102
order_8iIPMo50FsLQpl,INV-103
order_7A67H9dPlM4iwX,INV-104
order_TUtFhiIZkLRKO1,INV-105
order_TUtFhp947p1cdH,INV-106
order_TUtFhvwPaUfv6F,INV-107
order_TUtFi0lIntVaoP,INV-108
order_TUtFi5ecgr6q98,INV-109
order_TUtFiAmHWJrFPU,INV-110
order_TUtFiFOFx3M0z5,INV-111
order_FmxsFJsntTGATW,INV-112
order_ifGFilw1AZwsi9,INV-113
order_QJKRSwW6semcIA,INV-114
order_Uy18IT6MT78Sre,INV-115
order_Hikhqi7crbSqyx,INV-116
order_oswE9dYf5qhxW3,INV-117
order_oC8qYu7aAQfgjj,INV-118
order_VBGZ7H6ITcMddb,INV-119
order_TUtFipAfLiGJMo,INV-120
order_TUtFiu4ZWCYeRF,INV-121
order_TUtFizGa9p8WP9,INV-122
order_TUtFj7SgBtoCkS,INV-123
order_TUtFjD6nrj1ATN,INV-124
order_TUtFjIK07tktKm,INV-125
order_TUtFjNGmyIqNvB,INV-126
order_vpejQZcn2FfR6W,INV-127
order_nr0xY8zeURhI0w,INV-128
order_H1bA7MqIoJ5QoP,INV-129
order_aFFNEkgbAVH1rd,INV-130
order_T2IvuI9IgAobsm,INV-131
order_IHtVaxPnPlsR6B,INV-132
order_wxOXOnE3AWTX0a,INV-133
order_QCDwfmfZrFhmRT,INV-134
order_TUtFjwgPSoOouS,INV-135
order_TUtFk2A8O1esFn,INV-136
order_TUtFk8GT1IGzja,INV-137
order_TUtFkDFNTFkzZx,INV-138
order_TUtFkIECbLgBFs,INV-139
order_TUtFkNIkCLJdJH,INV-140
order_TUtFkS3BklpHpw,INV-141
order_Zh7MTQHJqzrCzU,INV-142
order_Q9BZcuPcxIAz8I,INV-143
order_BD3bH4zUCcKjyY,INV-144
order_RbJmmoe2dFXZnx,INV-145
order_he4fYLTN3wD9gv,INV-146
order_hxtv6j8Y59KOTt,INV-147
order_iL92eTeFONgA4M,INV-148
order_Bk4w017X6YGSIJ,INV-149
order_NkKTqHt66Y97Cl,INV-150
order_TUtFl3oeJXZn9L,INV-151
order_TUtFl8bhXiBLqS,INV-152
order_TUtFlOuEr5e5ke,INV-153
order_TUtFlUmQT731tF,INV-154
order_TUtFlZugzov50M,INV-155
order_TUtFlfwjhWJUx2,INV-156
order_TUtFllBzMoDbhG,INV-157
order_jk7GGww122Qojd,INV-158
order_Y2qDdQXUxT01q8,INV-159
order_QZoLNztv1yfJTf,INV-160
order_Pc4rQzfnHBXkL1,INV-161
order_RXKj71oqQZBwvA,INV-162
order_aXVPcpzYGfp0Xo,INV-163
order_TUtFmCgAYhEDBL,INV-164
order_TUtFmIuxeqFpZg,INV-165
order_TUtFmOQu3j2i7P,INV-166
order_TUtFmUtF4CxlDD,INV-167
order_TUtFmayT4NueMy,INV-168
order_TUtFmfmfYd3Fnu,INV-169
order_TUtFmlhXQSThM4,INV-170
order_bHPrMqAaGgmrZ3,INV-171
order_lwz8WZJh4qdOAF,INV-172
order_sGPO9ScGKCSxTt,INV-173
order_Wbm2FyLY7QX0xo,INV-174
order_G4djblwl12t3de,INV-175
order_rqvjj8pUgrFpPV,INV-176
order_01EeO8DNnZOcxb,INV-177
order_GZiAFlmSfMp6WD,INV-178
order_TUtFnKnqPF96Is,INV-179
order_TUtFnRQag2Tn3G,INV-180
order_TUtFnWQjPRWxcR,INV-181
order_TUtFncK1XefUOb,INV-182
order_TUtFnh0Sf6sMCS,INV-183
order_TUtFnmYZcqwRr4,INV-184
order_TUtFnsNRHC3pX0,INV-185
order_7tHCRQJ0Ac6C5l,INV-186
order_7gwJhZV2pUS6md,INV-187
order_qT46XhR4yXxbC3,INV-188
order_mNnNqzMz2tayEq,INV-189
order_LPEy4ZbZTYHAsD,INV-190
order_wSFvbYodhIYxh7,INV-191
order_HAkh6Su4VZofJN,INV-192
order_059ciSEGseUHoG,INV-193
order_qJjy7KTwsnRWqU,INV-194
order_TUtFoSXtUOLEJy,INV-195
order_TUtFoZWE6Ca52o,INV-196
order_TUtFogBvDdXCC1,INV-197
order_TUtFontl35EX6M,INV-198
order_TUtFotOeoHYlfJ,INV-199
order_TUtFoyotEhnhrL,INV-200
